{
    "density": 1055.0,
    "surfaceTension": 0.072,
    "xsph": 0.044902,
    "rpm": 494.8979591836735
}